"id","pid","case_number","allegation","ia_finding","crb_decision","vote","unanimous_vote"
"21-01","1.0","2019-0671","FORCE","S","A","15 0 1","YES"
"21-02","1.0","2019-0617","OF2 PROCEDURE","S","A","14 0 2","YES"
"21-02","1.0","2019-0617","OF3 PROCEDURE","S","A","14 0 2","YES"
"21-02","2.0","2019-0617","FORCE","U","A","14 0 2","YES"
"21-02","2.0","2019-0617","FORCE","U","A","14 0 2","YES"
"21-02","2.0","2019-0617","COURTESY","U","A","14 0 2","YES"
"21-02","2.0","2019-0617","PROCEDURE","U","A","14 0 2","YES"
"21-02","2.0","2019-0617","PROCEDURE","U","A","14 0 2","YES"
"21-02","2.0","2019-0617","OF4 PROCEDURE","S","A","14 0 2","YES"
"21-02","2.0","2019-0617","OF6 PROCEDURE","S","A","14 0 2","YES"
"21-02","3.0","2019-0617","OF1 PROCEDURE","S","A","14 0 2","YES"
"21-02","4.0","2019-0617","FORCE","U","A","14 0 2","YES"
"21-02","4.0","2019-0617","FORCE","U","A","14 0 2","YES"
"21-02","4.0","2019-0617","FORCE","E","A","14 0 2","YES"
"21-02","4.0","2019-0617","PROCEDURE","U","A","14 0 2","YES"
"21-02","4.0","2019-0617","PROCEDURE","U","A","14 0 2","YES"
"21-02","5.0","2019-0617","OF5 PROCEDURE","S","A","14 0 2","YES"
"21-03","1.0","2019-0547","FORCE","E","A","12 0 1","YES"
"21-03","1.0","2019-0547","FORCE","NS","A","12 0 1","YES"
"21-03","1.0","2019-0547","DISCRIMINATION","U","A","12 0 1","YES"
"21-03","1.0","2019-0547","DISCRIMINATION","U","A","12 0 1","YES"
"21-03","1.0","2019-0547","COURTESY","U","A","12 0 1","YES"
"21-04","1.0","2019-0707","PROCEDURE","U","A","12 0 1","YES"
"21-04","1.0","2019-0707","PROCEDURE","U","A","12 0 1","YES"
"21-04","1.0","2019-0707","DISCRIMINATION","U","A","12 0 1","YES"
"21-04","1.0","2019-0707","OF1 PROCEDURE","S","A","12 0 1","YES"
"21-05","1.0","2019-0049","ICD","WP","A","12 0 1","YES"
"21-05","1.0","2019-0049","OF1 PROCEDURE","S","A","12 0 1","YES"
"21-05","1.0","2019-0049","OF2 PROCEDURE","S","A","12 0 1","YES"
"21-06","1.0","2019-0574","PROCEDURE","E","A","10 3 1","NO"
"21-06","1.0","2019-0574","COURTESY","U","A","10 3 1","NO"
"21-06","1.0","2019-0574","DISCRIMINATION","U","A","10 3 1","NO"
"21-06","2.0","2019-0574","PROCEDURE","E","A","10 3 1","NO"
"21-06","2.0","2019-0574","COURTESY","S","A","10 3 1","NO"
"21-06","2.0","2019-0574","DISCRIMINATION","U","A","10 3 1","NO"
"21-07","1.0","2019-0019","OIS","WP","A","13 0 1","YES"
"21-08","1.0","2020-0082","COURTESY","U","A","14 0 1","YES"
"21-08","2.0","2020-0082","PROCEDURE","U","A","14 0 1","YES"
"21-08","2.0","2020-0082","FORCE","E","A","14 0 1","YES"
"21-08","2.0","2020-0082","COURTESY","U","A","14 0 1","YES"
"21-08","2.0","2020-0082","COURTESY","U","A","14 0 1","YES"
"21-08","2.0","2020-0082","OF1 PROCEDURE","S","A","14 0 1","YES"
"21-09","1.0","2019-0456","FORCE","E","A","14 0 1","YES"
"21-09","1.0","2019-0456","COURTESY","U","AC","14 0 1","YES"
"21-09","1.0","2019-0456","DISCRIMINATION","U","A","14 0 1","YES"
"21-09","1.0","2019-0456","COURTESY","S","A","14 0 1","YES"
"21-10","1.0","2019-0820","PROCEDURE","U","A","14 0 1","YES"
"21-10","1.0","2019-0820","OF1 PROCEDURE","S","A","14 0 1","YES"
"21-10","2.0","2019-0820","ARREST","E","A","14 0 1","YES"
"21-10","2.0","2019-0820","PROCEDURE","U","A","14 0 1","YES"
"21-100","1.0","2020-0338","OF2 PROCEDURE","S","A","14 0 1","YES"
"21-100","1.0","2020-0338","OF3 PROCEDURE","S","A","14 0 1","YES"
"21-100","2.0","2020-0338","FORCE","E","A","14 0 1","YES"
"21-100","2.0","2020-0338","OF1 PROCEDURE","S","A","14 0 1","YES"
"21-100","2.0","2020-0338","OF2 PROCEDURE","S","A","14 0 1","YES"
"21-100","2.0","2020-0338","OF3 PROCEDURE","S","A","14 0 1","YES"
"21-101","1.0","2020-0415","FORCE","E","A","14 0 1","YES"
"21-101","1.0","2020-0415","FORCE","E","A","14 0 1","YES"
"21-101","1.0","2020-0415","OF1 PROCEDURE","S","A","14 0 1","YES"
"21-101","1.0","2020-0415","OF1 PROCEDURE","S","A","14 0 1","YES"
"21-102","1.0","2020-0614","ARREST","E","A","12 0 2","YES"
"21-102","1.0","2020-0614","PROCEDURE","NS","A","12 0 2","YES"
"21-102","2.0","2020-0614","ARREST","E","A","12 0 2","YES"
"21-102","2.0","2020-0614","PROCEDURE","NS","A","12 0 2","YES"
"21-102","3.0","2020-0614","PROCEDURE","NS","A","12 0 2","YES"
"21-103","1.0","2020-0389","PROCEDURE","U","A/C","13 0 1","YES"
"21-103","1.0","2020-0389","OF 2 PROCEDURE","S","A","13 0 1","YES"
"21-103","1.0","2020-0389","PROCEDURE","U","A/C","13 0 1","YES"
"21-103","1.0","2020-0389","PROCEDURE","U","A/C","13 0 1","YES"
"21-103","1.0","2020-0389","PROCEDURE","U","A/C","13 0 1","YES"
"21-103","2.0","2020-0389","PROCEDURE","U","A/C","13 0 1","YES"
"21-103","2.0","2020-0389","PROCEDURE","U","A/C","13 0 1","YES"
"21-103","2.0","2020-0389","PROCEDURE","U","A/C","13 0 1","YES"
"21-103","2.0","2020-0389","PROCEDURE","U","A/C","13 0 1","YES"
"21-103","3.0","2020-0389","PROCEDURE","U","A/C","13 0 1","YES"
"21-103","3.0","2020-0389","PROCEDURE","U","A/C","13 0 1","YES"
"21-103","3.0","2020-0389","PROCEDURE","U","A/C","13 0 1","YES"
"21-103","3.0","2020-0389","PROCEDURE","U","A/C","13 0 1","YES"
"21-103","4.0","2020-0389","PROCEDURE","U","A/C","13 0 1","YES"
"21-103","4.0","2020-0389","PROCEDURE","U","A/C","13 0 1","YES"
"21-103","4.0","2020-0389","PROCEDURE","U","A/C","13 0 1","YES"
"21-103","4.0","2020-0389","PROCEDURE","U","A/C","13 0 1","YES"
"21-103","5.0","2020-0389","PROCEDURE","E","A/C","13 0 1","YES"
"21-103","5.0","2020-0389","COURTESY","E","A","13 0 1","YES"
"21-103","5.0","2020-0389","PROCEDURE","U","A/C","13 0 1","YES"
"21-103","5.0","2020-0389","PROCEDURE","E","A/C","13 0 1","YES"
"21-103","5.0","2020-0389","COURTESY","E","A","13 0 1","YES"
"21-103","5.0","2020-0389","PROCEDURE","U","A/C","13 0 1","YES"
"21-103","5.0","2020-0389","PROCEDURE","E","A/C","13 0 1","YES"
"21-103","5.0","2020-0389","COURTESY","E","A","13 0 1","YES"
"21-103","5.0","2020-0389","PROCEDURE","U","A/C","13 0 1","YES"
"21-103","5.0","2020-0389","PROCEDURE","E","A/C","13 0 1","YES"
"21-103","5.0","2020-0389","COURTESY","E","A","13 0 1","YES"
"21-103","5.0","2020-0389","PROCEDURE","U","A/C","13 0 1","YES"
"21-103","6.0","2020-0389","PROCEDURE","U","A/C","13 0 1","YES"
"21-103","6.0","2020-0389","PROCEDURE","U","A/C","13 0 1","YES"
"21-103","6.0","2020-0389","PROCEDURE","U","A/C","13 0 1","YES"
"21-103","6.0","2020-0389","PROCEDURE","U","A/C","13 0 1","YES"
"21-103","7.0","2020-0389","PROCEDURE","U","A/C","13 0 1","YES"
"21-103","7.0","2020-0389","PROCEDURE","U","A/C","13 0 1","YES"
"21-103","7.0","2020-0389","PROCEDURE","U","A/C","13 0 1","YES"
"21-103","7.0","2020-0389","PROCEDURE","U","A/C","13 0 1","YES"
"21-103","8.0","2020-0389","PROCEDURE","U","A/C","13 0 1","YES"
"21-103","8.0","2020-0389","OF 1 PROCEDURE","S","A","13 0 1","YES"
"21-103","8.0","2020-0389","PROCEDURE","U","A/C","13 0 1","YES"
"21-103","8.0","2020-0389","PROCEDURE","U","A/C","13 0 1","YES"
"21-103","8.0","2020-0389","PROCEDURE","U","A/C","13 0 1","YES"
"21-103","9.0","2020-0389","PROCEDURE","U","A/C","13 0 1","YES"
"21-103","9.0","2020-0389","PROCEDURE","U","A/C","13 0 1","YES"
"21-103","9.0","2020-0389","PROCEDURE","U","A/C","13 0 1","YES"
"21-103","9.0","2020-0389","PROCEDURE","U","A/C","13 0 1","YES"
"21-103","10.0","2020-0389","PROCEDURE","U","A/C","13 0 1","YES"
"21-103","10.0","2020-0389","PROCEDURE","U","A/C","13 0 1","YES"
"21-103","10.0","2020-0389","PROCEDURE","U","A/C","13 0 1","YES"
"21-103","10.0","2020-0389","PROCEDURE","U","A/C","13 0 1","YES"
"21-103","11.0","2020-0389","FORCE","E","A","13 0 1","YES"
"21-103","11.0","2020-0389","PROCEDURE","U","A/C","13 0 1","YES"
"21-103","11.0","2020-0389","FORCE","E","A","13 0 1","YES"
"21-103","11.0","2020-0389","PROCEDURE","U","A/C","13 0 1","YES"
"21-103","11.0","2020-0389","FORCE","E","A","13 0 1","YES"
"21-103","11.0","2020-0389","PROCEDURE","U","A/C","13 0 1","YES"
"21-103","11.0","2020-0389","FORCE","E","A","13 0 1","YES"
"21-103","11.0","2020-0389","PROCEDURE","U","A/C","13 0 1","YES"
"21-103","12.0","2020-0389","PROCEDURE","U","A/C","13 0 1","YES"
"21-103","12.0","2020-0389","PROCEDURE","U","A/C","13 0 1","YES"
"21-103","12.0","2020-0389","PROCEDURE","U","A/C","13 0 1","YES"
"21-103","12.0","2020-0389","PROCEDURE","U","A/C","13 0 1","YES"
"21-103","13.0","2020-0389","ARREST","E","A/C","13 0 1","YES"
"21-103","13.0","2020-0389","FORCE","E","A","13 0 1","YES"
"21-103","13.0","2020-0389","PROCEDURE","U","A/C","13 0 1","YES"
"21-103","13.0","2020-0389","ARREST","E","A/C","13 0 1","YES"
"21-103","13.0","2020-0389","FORCE","E","A","13 0 1","YES"
"21-103","13.0","2020-0389","PROCEDURE","U","A/C","13 0 1","YES"
"21-103","13.0","2020-0389","ARREST","E","A/C","13 0 1","YES"
"21-103","13.0","2020-0389","FORCE","E","A","13 0 1","YES"
"21-103","13.0","2020-0389","PROCEDURE","U","A/C","13 0 1","YES"
"21-103","13.0","2020-0389","ARREST","E","A/C","13 0 1","YES"
"21-103","13.0","2020-0389","FORCE","E","A","13 0 1","YES"
"21-103","13.0","2020-0389","PROCEDURE","U","A/C","13 0 1","YES"
"21-104","1.0","2020-0187","OIS","WP","A","13 0 1","YES"
"21-105","1.0","2020-0598","DETENTION","E","A","11 0 2","YES"
"21-105","1.0","2020-0598","PROCEDURE","U","A","11 0 2","YES"
"21-105","2.0","2020-0598","DETENTION","E","A","11 0 2","YES"
"21-105","2.0","2020-0598","PROCEDURE","U","A","11 0 2","YES"
"21-105","3.0","2020-0598","OF1. PROCEDURE","S","A","11 0 2","YES"
"21-106","","2020-0589","DISCRIMINATION","NS","A","13 0 1","YES"
"21-106","","2020-0589","DISCRIMINATION","NS","A","13 0 1","YES"
"21-106","","2020-0589","PROCEDURE","S","A","13 0 1","YES"
"21-107","1.0","2020-0487","ARREST","E","A","11 0 2","YES"
"21-107","1.0","2020-0487","FORCE","E","A","11 0 2","YES"
"21-107","1.0","2020-0487","DISCRIMINATION","U","A","11 0 2","YES"
"21-107","1.0","2020-0487","PROCEDURE","S","A","11 0 2","YES"
"21-107","2.0","2020-0487","ARREST","E","A","11 0 2","YES"
"21-107","2.0","2020-0487","FORCE","E","A","11 0 2","YES"
"21-107","2.0","2020-0487","DISCRIMINATION","U","A","11 0 2","YES"
"21-107","2.0","2020-0487","PROCEDURE","S","A","11 0 2","YES"
"21-108","1.0","2020-0451","OF 1 PROCEDURE","S","A","11 0 3","YES"
"21-108","","2020-0451","FORCE","E","A","11 0 3","YES"
"21-108","","2020-0451","FORCE","E","A","11 0 3","YES"
"21-108","","2020-0451","FORCE","E","A","11 0 3","YES"
"21-108","","2020-0451","COURTESY","S","A","11 0 3","YES"
"21-108","","2020-0451","OF 2 PROCEDURE","S","A","11 0 3","YES"
"21-108","","2020-0451","OF 2 PROCEDURE","S","A","11 0 3","YES"
"21-109","1.0","2020-0416","DISCRIMINATION","U","A","13 0 0","YES"
"21-109","1.0","2020-0416","DISCRIMINATION","U","A","13 0 0","YES"
"21-109","1.0","2020-0416","OF 3 PROCEDURE","S","A","13 0 0","YES"
"21-109","2.0","2020-0416","FORCE","U","A","13 0 0","YES"
"21-109","2.0","2020-0416","FORCE","U","A","13 0 0","YES"
"21-109","2.0","2020-0416","DISCRIMINATION","U","A","13 0 0","YES"
"21-109","2.0","2020-0416","DISCRIMINATION","U","A","13 0 0","YES"
"21-109","2.0","2020-0416","OF 2 PROCEDURE","S","A","13 0 0","YES"
"21-109","3.0","2020-0416","FORCE","U","A","13 0 0","YES"
"21-109","3.0","2020-0416","FORCE","U","A","13 0 0","YES"
"21-109","3.0","2020-0416","DETENTION","E","A","13 0 0","YES"
"21-109","3.0","2020-0416","DETENTION","E","A","13 0 0","YES"
"21-109","3.0","2020-0416","PROCEDURE","E","A","13 0 0","YES"
"21-109","3.0","2020-0416","PROCEDURE","E","A","13 0 0","YES"
"21-109","3.0","2020-0416","CRIMINAL CONDUCT","U","A","13 0 0","YES"
"21-109","3.0","2020-0416","CRIMINAL CONDUCT","U","A","13 0 0","YES"
"21-109","3.0","2020-0416","DISCRIMINATION","U","A","13 0 0","YES"
"21-109","3.0","2020-0416","DISCRIMINATION","U","A","13 0 0","YES"
"21-109","3.0","2020-0416","OF 1 PROCEDURE","S","A","13 0 0","YES"
"21-11","1.0","2019-0529","PROCEDURE","U","A","13 0 1","YES"
"21-11","1.0","2019-0529","PROCEDURE","U","A","13 0 1","YES"
"21-11","1.0","2019-0529","COURTESY","E","A","13 0 1","YES"
"21-11","2.0","2019-0529","FORCE","U","A","13 0 1","YES"
"21-11","2.0","2019-0529","PROCEDURE","U","A","13 0 1","YES"
"21-11","2.0","2019-0529","PROCEDURE","U","A","13 0 1","YES"
"21-11","2.0","2019-0529","COURTESY","E","A","13 0 1","YES"
"21-110","1.0","2020-0505","PERFORMANCE OF DUTY","E","A","12 0 1","YES"
"21-110","1.0","2020-0505","COURTESY","U","A","12 0 1","YES"
"21-110","1.0","2020-0505","PROCEDURE","N/S","A/C","12 0 1","YES"
"21-110","1.0","2020-0505","DISCRIMINATION","U","A","12 0 1","YES"
"21-111","1.0","2020-0466","ARREST","E","A","12 0 1","YES"
"21-111","1.0","2020-0466","DISCRIMINATION","U","A","12 0 1","YES"
"21-111","2.0","2020-0466","OF 1 PROCEDURE","S","A","12 0 1","YES"
"21-111","3.0","2020-0466","COURTESY","U","A","12 0 1","YES"
"21-111","3.0","2020-0466","OF 1 PROCEDURE","S","A","12 0 1","YES"
"21-112","1.0","2020-0797","DETENTION","E","A","12 0 1","YES"
"21-112","1.0","2020-0797","FORCE","U","A","12 0 1","YES"
"21-113","1.0","2019-0594","DISCRIMINATION","U","A","13 0 1","YES"
"21-113","1.0","2019-0594","ARREST","E","D/C","13 0 1","YES"
"21-113","2.0","2019-0594","COURTESY","NS","A","13 0 1","YES"
"21-114","1.0","2020-0511","FORCE","E","A","13 0 1","YES"
"21-114","1.0","2020-0511","FORCE","E","A","13 0 1","YES"
"21-114","1.0","2020-0511","OF2 PROCEDURE","S","A","13 0 1","YES"
"21-114","2.0","2020-0511","FORCE","E","A","13 0 1","YES"
"21-114","2.0","2020-0511","FORCE","E","A","13 0 1","YES"
"21-114","2.0","2020-0511","OF1 PROCEDURE","S","A","13 0 1","YES"
"21-114","3.0","2020-0511","FORCE","E","A","13 0 1","YES"
"21-114","3.0","2020-0511","FORCE","E","A","13 0 1","YES"
"21-114","3.0","2020-0511","OF1 PROCEDURE","S","A","13 0 1","YES"
"21-114","4.0","2020-0511","FORCE","E","A","13 0 1","YES"
"21-114","4.0","2020-0511","FORCE","E","A","13 0 1","YES"
"21-114","5.0","2020-0511","FORCE","E","A","13 0 1","YES"
"21-114","5.0","2020-0511","FORCE","E","A","13 0 1","YES"
"21-114","5.0","2020-0511","OF2 PROCEDURE","S","A","13 0 1","YES"
"21-114","6.0","2020-0511","FORCE","E","A","13 0 1","YES"
"21-114","6.0","2020-0511","FORCE","E","A","13 0 1","YES"
"21-114","6.0","2020-0511","OF2 PROCEDURE","S","A","13 0 1","YES"
"21-114","7.0","2020-0511","FORCE","E","A","13 0 1","YES"
"21-114","7.0","2020-0511","FORCE","E","A","13 0 1","YES"
"21-114","7.0","2020-0511","OF1 PROCEDURE","S","A","13 0 1","YES"
"21-115","1.0","2020-0443","PROCEDURE","S","A","12 0 2","YES"
"21-115","1.0","2020-0443","PROCEDURE","U","A","12 0 2","YES"
"21-115","1.0","2020-0443","COURTESY","U","A","12 0 2","YES"
"21-115","1.0","2020-0443","OF1 PROCEDURE","S","A","12 0 2","YES"
"21-115","1.0","2020-0443","OF2 PROCEDURE","S","A","12 0 2","YES"
"21-115","2.0","2020-0443","DETENTION","E","A","12 0 2","YES"
"21-115","2.0","2020-0443","FORCE","E","A","12 0 2","YES"
"21-115","2.0","2020-0443","PROCEDURE","U","A","12 0 2","YES"
"21-115","2.0","2020-0443","PROCEDURE","E","A","12 0 2","YES"
"21-115","2.0","2020-0443","PROCEDURE","S","A","12 0 2","YES"
"21-115","2.0","2020-0443","PROCEDURE","U","A","12 0 2","YES"
"21-115","2.0","2020-0443","COURTESY","U","A","12 0 2","YES"
"21-115","2.0","2020-0443","CRIMINAL CONDUCT","U","A","12 0 2","YES"
"21-116","1.0","2020-0550","DISCRIMINATION","U","A","15 0 1","YES"
"21-116","1.0","2020-0550","COURTESY","U","A","15 0 1","YES"
"21-116","1.0","2020-0550","PROCEDURE","E","A","15 0 1","YES"
"21-116","2.0","2020-0550","COURTESY","U","A","15 0 1","YES"
"21-116","2.0","2020-0550","OF 3 PROCEDURE","S","A","15 0 1","YES"
"21-116","3.0","2020-0550","DISCRIMINATION","U","A","15 0 1","YES"
"21-116","3.0","2020-0550","COURTESY","U","A","15 0 1","YES"
"21-116","3.0","2020-0550","PROCEDURE","E","A","15 0 1","YES"
"21-116","3.0","2020-0550","PROCEDURE","U","A","15 0 1","YES"
"21-116","3.0","2020-0550","FORCE","E","A","15 0 1","YES"
"21-116","3.0","2020-0550","PROCEDURE","U","A","15 0 1","YES"
"21-116","3.0","2020-0550","OF 1 PROCEDURE","S","A","15 0 1","YES"
"21-116","4.0","2020-0550","COURTESY","U","A","15 0 1","YES"
"21-116","5.0","2020-0550","DISCRIMINATION","U","A","15 0 1","YES"
"21-116","5.0","2020-0550","COURTESY","U","A","15 0 1","YES"
"21-116","5.0","2020-0550","PROCEDURE","E","A","15 0 1","YES"
"21-116","5.0","2020-0550","PROCEDURE","S","A","15 0 1","YES"
"21-116","5.0","2020-0550","OF 2 PROCEDURE","S","A","15 0 1","YES"
"21-116","6.0","2020-0550","DISCRIMINATION","U","A","15 0 1","YES"
"21-116","6.0","2020-0550","COURTESY","U","A","15 0 1","YES"
"21-116","6.0","2020-0550","PROCEDURE","E","A","15 0 1","YES"
"21-116","6.0","2020-0550","OF 1 PROCEDURE","S","A","15 0 1","YES"
"21-117","1.0","2020-0401","ARREST","E","A","13 0 2","YES"
"21-117","1.0","2020-0401","PROCEDURE","S","A","13 0 2","YES"
"21-117","2.0","2020-0401","PROCEDURE","S","A","13 0 2","YES"
"21-117","3.0","2020-0401","PROCEDURE","S","A","13 0 2","YES"
"21-117","4.0","2020-0401","FORCE","E","A","13 0 2","YES"
"21-117","4.0","2020-0401","PROCEDURE","S","A","13 0 2","YES"
"21-117","4.0","2020-0401","OF 1 PROCEDURE","S","A","13 0 2","YES"
"21-117","5.0","2020-0401","PROCEDURE","S","A","13 0 2","YES"
"21-117","6.0","2020-0401","PROCEDURE","S","A","13 0 2","YES"
"21-117","7.0","2020-0401","DETENTION","E","A","13 0 2","YES"
"21-117","7.0","2020-0401","PROCEDURE","S","A","13 0 2","YES"
"21-117","8.0","2020-0401","PROCEDURE","S","A","13 0 2","YES"
"21-117","9.0","2020-0401","COURTESY","S","A","13 0 2","YES"
"21-117","9.0","2020-0401","PROCEDURE","S","A","13 0 2","YES"
"21-117","10.0","2020-0401","PROCEDURE","S","A","13 0 2","YES"
"21-118","1.0","2020-0807","FORCE","E","A","13 0 1","YES"
"21-119","1.0","2020-0678","OF 1 PROCEDURE","S","A","11 0 2","YES"
"21-119","1.0","2020-0678","OF 2 PROCEDURE","S","A","11 0 2","YES"
"21-119","2.0","2020-0678","FORCE","U","A","11 0 2","YES"
"21-119","2.0","2020-0678","OF 1 PROCEDURE","S","A","11 0 2","YES"
"21-119","3.0","2020-0678","FORCE","E","A","11 0 2","YES"
"21-119","3.0","2020-0678","OF 1 PROCEDURE","S","A","11 0 2","YES"
"21-119","4.0","2020-0678","FORCE","E","A","11 0 2","YES"
"21-119","4.0","2020-0678","OF 1 PROCEDURE","S","A","11 0 2","YES"
"21-119","5.0","2020-0678","OF 1 PROCEDURE","S","A","11 0 2","YES"
"21-12","1.0","2019-0422","FORCE","E","A","13 0 1","YES"
"21-12","1.0","2019-0422","FORCE","E","A","13 0 1","YES"
"21-12","1.0","2019-0422","COURTESY","U","A","13 0 1","YES"
"21-12","1.0","2019-0422","COURTESY","U","A","13 0 1","YES"
"21-12","1.0","2019-0422","CONDUCT","U","A","13 0 1","YES"
"21-12","1.0","2019-0422","CONDUCT","U","A","13 0 1","YES"
"21-120","1.0","2020-0577","OF 1 PROCEDURE","S","A","13 0 1","YES"
"21-120","2.0","2020-0577","ARREST","E","A","13 0 1","YES"
"21-120","2.0","2020-0577","OF 1 PROCEDURE","S","A","13 0 1","YES"
"21-120","3.0","2020-0577","OF 1 PROCEDURE","S","A","13 0 1","YES"
"21-121","1.0","2020-0051","DISCRIMINATION","NS","D/C","13 1 2","NO"
"21-121","2.0","2020-0051","DISCRIMINATION","NS","D/C","13 1 2","NO"
"21-121","3.0","2020-0051","DISCRIMINATION","NS","D/C","13 1 2","NO"
"21-121","4.0","2020-0051","DISCRIMINATION","NS","D/C","13 1 2","NO"
"21-121","4.0","2020-0051","OF1 PROCEDURE","S","A","13 1 2","NO"
"21-121","5.0","2020-0051","DISCRIMINATION","NS","D/C","13 1 2","NO"
"21-121","5.0","2020-0051","OF1 PROCEDURE","S","A","13 1 2","NO"
"21-121","6.0","2020-0051","DISCRIMINATION","NS","D/C","13 1 2","NO"
"21-122","1.0","2020-0612","PROCEDURE","E","A","13 0 1","YES"
"21-122","1.0","2020-0612","CONDUCT","U","A","13 0 1","YES"
"21-122","2.0","2020-0612","PROCEDURE","E","A","13 0 1","YES"
"21-122","3.0","2020-0612","PROCEDURE","E","A","13 0 1","YES"
"21-123","1.0","2020-0265","DISCRIMINATION","NS","A","10 4 3","NO"
"21-123","1.0","2020-0265","PROCEDURE","NS","A","10 4 3","NO"
"21-123","1.0","2020-0265","PROCEDURE","NS","A","10 4 3","NO"
"21-123","1.0","2020-0265","OF1 PROCEDURE","S","A","10 4 3","NO"
"21-123","2.0","2020-0265","DISCRIMINATION","NS","A","10 4 3","NO"
"21-123","2.0","2020-0265","PROCEDURE","S","A","10 4 3","NO"
"21-123","2.0","2020-0265","COURTESY","NS","A","10 4 3","NO"
"21-123","2.0","2020-0265","OF1 PROCEDURE","S","A","10 4 3","NO"
"21-124","1.0","2020-0458","DETENTION","E","A","13 0 1","YES"
"21-124","1.0","2020-0458","DISCRIMINATION","NS","A/C","13 0 1","YES"
"21-13","1.0","2019-0659","DISCRIMINATION","U","A","12 0 2","YES"
"21-14","1.0","2019-0518","DISCRIMINATION","U","A","13 0 1","YES"
"21-14","2.0","2019-0518","DISCRIMINATION","U","A","13 0 1","YES"
"21-14","3.0","2019-0518","DISCRIMINATION","U","A","13 0 1","YES"
"21-14","4.0","2019-0518","DISCRIMINATION","U","A","13 0 1","YES"
"21-14","4.0","2019-0518","PROCEDURE","E","A","13 0 1","YES"
"21-14","5.0","2019-0518","DISCRIMINATION","U","A","13 0 1","YES"
"21-15","1.0","2020-0059","PROCEDURE","E","A","13 0 1","YES"
"21-15","1.0","2020-0059","PROCEDURE","E","A","13 0 1","YES"
"21-15","1.0","2020-0059","PROCEDURE","U","A","13 0 1","YES"
"21-16","1.0","2020-0299","ARREST","E","A","12 0 1","YES"
"21-16","1.0","2020-0299","FORCE","E","A","12 0 1","YES"
"21-16","1.0","2020-0299","DISCRIMINATION","U","A","12 0 1","YES"
"21-16","2.0","2020-0299","FORCE","E","A","12 0 1","YES"
"21-16","2.0","2020-0299","DISCRIMINATION","U","A","12 0 1","YES"
"21-16","2.0","2020-0299","OF1 PROCEDURE","S","A","12 0 1","YES"
"21-16","3.0","2020-0299","FORCE","U","A","12 0 1","YES"
"21-16","3.0","2020-0299","DISCRIMINATION","U","A","12 0 1","YES"
"21-17","1.0","2019-0583","FORCE","E","A","12 0 1","YES"
"21-17","1.0","2019-0583","FORCE","E","A","12 0 1","YES"
"21-17","2.0","2019-0583","FORCE","E","A","12 0 1","YES"
"21-17","2.0","2019-0583","COURTESY","E","A","12 0 1","YES"
"21-18","1.0","2019-0741","DISCRIMINATION","U","A","12 0 1","YES"
"21-18","1.0","2019-0741","COURTESY","U","A","12 0 1","YES"
"21-19","1.0","2019-0635","DISCRIMINATION","U","A","14 0 1","YES"
"21-19","","2019-0635","DISCRIMINATION","U","A","14 0 1","YES"
"21-20","1.0","2020-0069","FORCE","E","A","13 0 1","YES"
"21-20","1.0","2020-0069","OF5 PROCEDURE","S","A","13 0 1","YES"
"21-20","2.0","2020-0069","FORCE","E","A","13 0 1","YES"
"21-20","2.0","2020-0069","PROCEDURE","S","A","13 0 1","YES"
"21-20","2.0","2020-0069","PROCEDURE","E","A","13 0 1","YES"
"21-20","2.0","2020-0069","OF1 PROCEDURE","S","A","13 0 1","YES"
"21-20","2.0","2020-0069","OF2 CONDUCT","S","A","13 0 1","YES"
"21-20","2.0","2020-0069","OF3 PROCEDURE","S","A","13 0 1","YES"
"21-20","2.0","2020-0069","OF4 PROCEDURE","S","A","13 0 1","YES"
"21-20","3.0","2020-0069","OF6 PROCEDURE","S","A","13 0 1","YES"
"21-20","4.0","2020-0069","FORCE","E","A","13 0 1","YES"
"21-20","4.0","2020-0069","PROCEDURE","S","A","13 0 1","YES"
"21-20","4.0","2020-0069","PROCEDURE","E","A","13 0 1","YES"
"21-20","4.0","2020-0069","OF2 CONDUCT","S","A","13 0 1","YES"
"21-20","5.0","2020-0069","OF7 PROCEDURE","S","A","13 0 1","YES"
"21-21","1.0","2020-0080","FORCE","E","A","13 0 1","YES"
"21-21","1.0","2020-0080","FORCE","U","A","13 0 1","YES"
"21-21","1.0","2020-0080","PROCEDURE","U","A","13 0 1","YES"
"21-21","1.0","2020-0080","FORCE","U","A","13 0 1","YES"
"21-21","1.0","2020-0080","OF1 COURTESY","S","A","13 0 1","YES"
"21-21","2.0","2020-0080","COURTESY","S","A","13 0 1","YES"
"21-21","2.0","2020-0080","FORCE","E","A","13 0 1","YES"
"21-21","2.0","2020-0080","OF2 PROCEDURE","S","A","13 0 1","YES"
"21-21","3.0","2020-0080","FORCE","E","A","13 0 1","YES"
"21-21","3.0","2020-0080","FORCE","U","A","13 0 1","YES"
"21-21","3.0","2020-0080","PROCEDURE","U","A","13 0 1","YES"
"21-22","1.0","2020-0070","DETENTION","E","AC","13 0 1","YES"
"21-22","1.0","2020-0070","PROCEDURE","E","A","13 0 1","YES"
"21-22","1.0","2020-0070","PROCEDURE","E","A","13 0 1","YES"
"21-22","1.0","2020-0070","OF1 PROCEDURE","S","AC","13 0 1","YES"
"21-23","1.0","2019-0445","FORCE","E","A","15 0 1","YES"
"21-23","2.0","2019-0445","FORCE","E","A","15 0 1","YES"
"21-23","3.0","2019-0445","ARREST","E","A","15 0 1","YES"
"21-23","3.0","2019-0445","ARREST","E","A","15 0 1","YES"
"21-24","1.0","2019-0608","DISCRIMINATION","U","A","14 0 1","YES"
"21-25","1.0","2018-0712","CRIMINAL CONDUCT","U","A","11 3 1","NO"
"21-25","1.0","2018-0712","PROCEDURE","U","A","11 3 1","NO"
"21-25","2.0","2018-0712","FORCE","E","A","11 3 1","NO"
"21-25","2.0","2018-0712","CRIMINAL CONDUCT","U","A","11 3 1","NO"
"21-25","2.0","2018-0712","PROCEDURE","U","A","11 3 1","NO"
"21-25","2.0","2018-0712","CRIMINAL CONDUCT","S","A","11 3 1","NO"
"21-25","3.0","2018-0712","FORCE","E","A","11 3 1","NO"
"21-25","3.0","2018-0712","CRIMINAL CONDUCT","U","A","11 3 1","NO"
"21-25","3.0","2018-0712","PROCEDURE","U","A","11 3 1","NO"
"21-25","4.0","2018-0712","FORCE","E","A","11 3 1","NO"
"21-25","4.0","2018-0712","CRIMINAL CONDUCT","U","A","11 3 1","NO"
"21-25","4.0","2018-0712","PROCEDURE","U","A","11 3 1","NO"
"21-26","1.0","2019-0286","PROCEDURE","E","A","14 0 1","YES"
"21-26","1.0","2019-0286","FORCE","S","A","14 0 1","YES"
"21-26","1.0","2019-0286","COURTESY","S","A","14 0 1","YES"
"21-26","1.0","2019-0286","OF1 COURTESY","S","A","14 0 1","YES"
"21-26","1.0","2019-0286","OF2 PROCEDURE","S","A","14 0 1","YES"
"21-27","1.0","2020-0302","FORCE","E","A/C","13 0 1","YES"
"21-28","1.0","2019-0647","DETENTION","E","A","13 0 1","YES"
"21-28","1.0","2019-0647","PROCEDURE","E","A","13 0 1","YES"
"21-28","1.0","2019-0647","PROCEDURE","E","A","13 0 1","YES"
"21-28","1.0","2019-0647","ARREST","E","A","13 0 1","YES"
"21-28","2.0","2019-0647","DETENTION","E","A","13 0 1","YES"
"21-28","2.0","2019-0647","PROCEDURE","E","A","13 0 1","YES"
"21-28","2.0","2019-0647","PROCEDURE","E","A","13 0 1","YES"
"21-28","2.0","2019-0647","ARREST","E","A","13 0 1","YES"
"21-29","1.0","2019-0315","COURTESY","U","A","13 0 1","YES"
"21-29","1.0","2019-0315","COURTESY","U","A","13 0 1","YES"
"21-29","2.0","2019-0315","FORCE","U","A","13 0 1","YES"
"21-29","2.0","2019-0315","FORCE","U","A","13 0 1","YES"
"21-29","3.0","2019-0315","FORCE","E","A","13 0 1","YES"
"21-29","3.0","2019-0315","FORCE","E","A","13 0 1","YES"
"21-29","4.0","2019-0315","FORCE","E","A","13 0 1","YES"
"21-29","4.0","2019-0315","FORCE","E","A","13 0 1","YES"
"21-29","5.0","2019-0315","FORCE","E","A","13 0 1","YES"
"21-29","5.0","2019-0315","FORCE","E","A","13 0 1","YES"
"21-29","5.0","2019-0315","PROCEDURE","U","A","13 0 1","YES"
"21-29","5.0","2019-0315","PROCEDURE","U","A","13 0 1","YES"
"21-29","","2019-0315","FORCE","E","A","13 0 1","YES"
"21-29","","2019-0315","FORCE","E","A","13 0 1","YES"
"21-29","","2019-0315","FORCE","E","A","13 0 1","YES"
"21-29","","2019-0315","FORCE","E","A","13 0 1","YES"
"21-29","","2019-0315","POLICY","U","A","13 0 1","YES"
"21-29","","2019-0315","POLICY","U","A","13 0 1","YES"
"21-30","1.0","2019-0170","PROCEDURE","E","A/C","12 0 1","YES"
"21-30","1.0","2019-0170","PROCEDURE","E","A/C","12 0 1","YES"
"21-30","1.0","2019-0170","PROCEDURE","E","A/C","12 0 1","YES"
"21-30","1.0","2019-0170","PROCEDURE","U","A","12 0 1","YES"
"21-31","1.0","2019-0854","FORCE","NS","A","11 0 1","YES"
"21-31","1.0","2019-0854","OF 1 PROCEDURE","S","A","11 0 1","YES"
"21-31","2.0","2019-0854","ARREST","E","A","11 0 1","YES"
"21-31","3.0","2019-0854","FORCE","E","A","11 0 1","YES"
"21-31","4.0","2019-0854","OF 2 PROCEDURE","S","A","11 0 1","YES"
"21-32","1.0","2019-0702","FORCE","U","A","10 1 1","NO"
"21-32","1.0","2019-0702","PROCEDURE","E","A","10 1 1","NO"
"21-32","2.0","2019-0702","PROCEDURE","E","A","10 1 1","NO"
"21-32","2.0","2019-0702","PROCEDURE","E","A","10 1 1","NO"
"21-32","2.0","2019-0702","PROCEDURE","E","A","10 1 1","NO"
"21-32","2.0","2019-0702","ARREST","E","A","10 1 1","NO"
"21-32","2.0","2019-0702","PROCEDURE","E","A","10 1 1","NO"
"21-32","2.0","2019-0702","FORCE","U","A","10 1 1","NO"
"21-32","2.0","2019-0702","PROCEDURE","E","A","10 1 1","NO"
"21-32","2.0","2019-0702","PROCEDURE","U","A","10 1 1","NO"
"21-32","2.0","2019-0702","PROCEDURE","U","A","10 1 1","NO"
"21-32","2.0","2019-0702","PROCEDURE","U","A","10 1 1","NO"
"21-32","3.0","2019-0702","FORCE","U","A","10 1 1","NO"
"21-32","3.0","2019-0702","PROCEDURE","E","A","10 1 1","NO"
"21-32","4.0","2019-0702","PROCEDURE","E","A","10 1 1","NO"
"21-32","4.0","2019-0702","FORCE","U","A","10 1 1","NO"
"21-32","4.0","2019-0702","PROCEDURE","E","A","10 1 1","NO"
"21-32","4.0","2019-0702","PROCEDURE","U","A","10 1 1","NO"
"21-32","4.0","2019-0702","PROCEDURE","U","A","10 1 1","NO"
"21-33","1.0","2019-0896","DISCRIMINATION","U","A","11 0 1","YES"
"21-33","1.0","2019-0896","COURTESY","U","A","11 0 1","YES"
"21-33","2.0","2019-0896","DISCRIMINATION","U","A","11 0 1","YES"
"21-33","2.0","2019-0896","COURTESY","U","A","11 0 1","YES"
"21-34","1.0","2020-0366","CONDUCT","NS","A","11 0 1","YES"
"21-34","1.0","2020-0366","COURTESY","NS","A","11 0 1","YES"
"21-34","1.0","2020-0366","PROCEDURE","U","A","11 0 1","YES"
"21-35","1.0","2019-0698","PROCEDURE","U","A","11 0 1","YES"
"21-35","1.0","2019-0698","CRIMINAL CONDUCT","U","A","11 0 1","YES"
"21-36","1.0","2020-0087","PROCEDURE","E","A","12 0 1","YES"
"21-36","1.0","2020-0087","PROCEDURE","U","A","12 0 1","YES"
"21-36","2.0","2020-0087","FORCE","E","A","12 0 1","YES"
"21-36","2.0","2020-0087","FORCE","E","A","12 0 1","YES"
"21-36","2.0","2020-0087","PROCEDURE","E","A","12 0 1","YES"
"21-36","2.0","2020-0087","PROCEDURE","U","A","12 0 1","YES"
"21-36","2.0","2020-0087","DISCRIMINATION","U","A","12 0 1","YES"
"21-36","3.0","2020-0087","OF1 PROCEDURE","S","A","12 0 1","YES"
"21-37","","2020-0365","CONDUCT","S","A","12 0 1","YES"
"21-37","","2020-0365","CONDUCT","S","A","12 0 1","YES"
"21-37","","2020-0365","PROCEDURE","S","A","12 0 1","YES"
"21-37","","2020-0365","PROCEDURE","S","A","12 0 1","YES"
"21-37","","2020-0365","DISCRIMINATION","NS","A","12 0 1","YES"
"21-37","","2020-0365","DISCRIMINATION","NS","A","12 0 1","YES"
"21-37","","2020-0365","OF 1 PROCEDURE","S","A","12 0 1","YES"
"21-38","1.0","2019-0493","FORCE","NS","A/C","12 0 1","YES"
"21-38","1.0","2019-0493","ARREST","E","A/C","12 0 1","YES"
"21-38","2.0","2019-0493","FORCE","NS","A/C","12 0 1","YES"
"21-38","2.0","2019-0493","ARREST","E","A/C","12 0 1","YES"
"21-39","1.0","2019-0745","FORCE","E","A","11 0 1","YES"
"21-39","1.0","2019-0745","FORCE","S","A","11 0 1","YES"
"21-39","1.0","2019-0745","PROCEDURE","S","A","11 0 1","YES"
"21-39","2.0","2019-0745","FORCE","E","A","11 0 1","YES"
"21-40","","2020-0018","PROCEDURE","S","A","11 0 1","YES"
"21-40","","2020-0018","PROCEDURE","U","A","11 0 1","YES"
"21-40","","2020-0018","DISCRIMINATION","U","A","11 0 1","YES"
"21-41","1.0","2019-0882","COURTESY","U","A","14 0 2","YES"
"21-41","2.0","2019-0882","PROCEDURE","U","A","14 0 2","YES"
"21-41","2.0","2019-0882","ARREST","E","A","14 0 2","YES"
"21-41","3.0","2019-0882","OF1 PROCEDURE","S","A","14 0 2","YES"
"21-42","1.0","2020-0310","PROCEDURE","U","A","15 0 1","YES"
"21-42","2.0","2020-0310","PROCEDURE","U","A","15 0 1","YES"
"21-42","3.0","2020-0310","PROCEDURE","S","A","15 0 1","YES"
"21-42","3.0","2020-0310","CRIMINAL CONDUCT","U","A","15 0 1","YES"
"21-42","3.0","2020-0310","PROCEDURE","U","A","15 0 1","YES"
"21-43","1.0","2020-0073","PROCEDURE","E","A","14 0 1","YES"
"21-43","1.0","2020-0073","ARREST","E","A","14 0 1","YES"
"21-43","1.0","2020-0073","FORCE","U","A","14 0 1","YES"
"21-43","1.0","2020-0073","FORCE","U","A","14 0 1","YES"
"21-43","1.0","2020-0073","COURTESY","U","A","14 0 1","YES"
"21-44","1.0","2020-0103","PROCEDURE","E","A","14 0 1","YES"
"21-44","1.0","2020-0103","FORCE","E","A","14 0 1","YES"
"21-45","1.0","2019-0661","PROCEDURE","E","A","12 0 1","YES"
"21-45","1.0","2019-0661","FORCE","E","A","12 0 1","YES"
"21-45","1.0","2019-0661","PROCEDURE","E","A","12 0 1","YES"
"21-45","1.0","2019-0661","FORCE","E","A","12 0 1","YES"
"21-45","2.0","2019-0661","PROCEDURE","E","A","12 0 1","YES"
"21-45","2.0","2019-0661","PROCEDURE","E","A","12 0 1","YES"
"21-46","1.0","2019-0792","PROCEDURE","E","A","14 0 1","YES"
"21-46","1.0","2019-0792","PROCEDURE","E","A","14 0 1","YES"
"21-46","1.0","2019-0792","COURTESY","NS","A","14 0 1","YES"
"21-46","1.0","2019-0792","DISCRIMINATION","U","A","14 0 1","YES"
"21-46","1.0","2019-0792","OF1 PROCEDURE","S","A","14 0 1","YES"
"21-46","2.0","2019-0792","PROCEDURE","E","A","14 0 1","YES"
"21-46","2.0","2019-0792","COURTESY","S","A","14 0 1","YES"
"21-46","2.0","2019-0792","DISCRIMINATION","U","A","14 0 1","YES"
"21-47","1.0","2019-0318","PROCEDURE","U","A","13 0 2","YES"
"21-47","1.0","2019-0318","PROCEDURE","U","A","13 0 2","YES"
"21-47","1.0","2019-0318","PROCEDURE","E","A","13 0 2","YES"
"21-47","1.0","2019-0318","FORCE","NS","A","13 0 2","YES"
"21-47","2.0","2019-0318","PROCEDURE","U","A","13 0 2","YES"
"21-47","","2019-0318","PROCEDURE","U","A","13 0 2","YES"
"21-47","","2019-0318","FORCE","E","A","13 0 2","YES"
"21-47","","2019-0318","PROCEDURE","E","A","13 0 2","YES"
"21-48","1.0","2019-0576","OIS","WP","A","13 0 1","YES"
"21-49","1.0","2020-0368","PROCEDURE","S","A","13 0 1","YES"
"21-50","1.0","2020-0262","COURTESY","S","A","13 0 1","YES"
"21-50","1.0","2020-0262","CONDUCT","S","A","13 0 1","YES"
"21-51","","2019-0649","DISCRIMINATION","U","A/C","13 0 1","YES"
"21-52","1.0","2020-0314","PROCEDURE","E","A","13 0 1","YES"
"21-52","2.0","2020-0314","PROCEDURE","E","A","13 0 1","YES"
"21-52","2.0","2020-0314","OF1 PROCEDURE","S","A","13 0 1","YES"
"21-53","1.0","2019-0869","FORCE","E","A","13 0 1","YES"
"21-53","1.0","2019-0869","PROCEDURE","U","A","13 0 1","YES"
"21-53","1.0","2019-0869","FORCE","U","A","13 0 1","YES"
"21-53","1.0","2019-0869","FORCE","U","A","13 0 1","YES"
"21-53","1.0","2019-0869","PROCEDURE","U","A","13 0 1","YES"
"21-53","2.0","2019-0869","FORCE","E","A","13 0 1","YES"
"21-53","2.0","2019-0869","PROCEDURE","U","A","13 0 1","YES"
"21-53","2.0","2019-0869","FORCE","U","A","13 0 1","YES"
"21-53","2.0","2019-0869","FORCE","U","A","13 0 1","YES"
"21-53","2.0","2019-0869","PROCEDURE","U","A","13 0 1","YES"
"21-53","3.0","2019-0869","FORCE","E","A","13 0 1","YES"
"21-53","3.0","2019-0869","FORCE","U","A","13 0 1","YES"
"21-53","3.0","2019-0869","FORCE","U","A","13 0 1","YES"
"21-53","3.0","2019-0869","PROCEDURE","U","A","13 0 1","YES"
"21-53","4.0","2019-0869","FORCE","E","A","13 0 1","YES"
"21-53","4.0","2019-0869","PROCEDURE","U","A","13 0 1","YES"
"21-53","4.0","2019-0869","FORCE","U","A","13 0 1","YES"
"21-53","4.0","2019-0869","FORCE","U","A","13 0 1","YES"
"21-53","4.0","2019-0869","PROCEDURE","U","A","13 0 1","YES"
"21-54","1.0","2019-0778","FORCE","E","A","14 0 1","YES"
"21-54","2.0","2019-0778","FORCE","E","A","14 0 1","YES"
"21-54","3.0","2019-0778","FORCE","E","A","14 0 1","YES"
"21-55","1.0","2020-0234","ARREST","E","A","14 0 1","YES"
"21-55","1.0","2020-0234","PROCEDURE","E","A","14 0 1","YES"
"21-55","2.0","2020-0234","ARREST","E","A","14 0 1","YES"
"21-55","2.0","2020-0234","PROCEDURE","E","A","14 0 1","YES"
"21-55","3.0","2020-0234","ARREST","E","A","14 0 1","YES"
"21-55","3.0","2020-0234","PROCEDURE","E","A","14 0 1","YES"
"21-56","1.0","2019-0742","FORCE","E","A","14 0 1","YES"
"21-57","1.0","2020-0483","DISCRIMINATION","U","A","14 0 1","YES"
"21-57","1.0","2020-0483","DETENTION","U","A","14 0 1","YES"
"21-57","1.0","2020-0483","FORCE","U","A","14 0 1","YES"
"21-57","1.0","2020-0483","PROCEDURE","U","A","14 0 1","YES"
"21-58","1.0","2020-0144","ARREST","E","A","12 0 1","YES"
"21-58","1.0","2020-0144","PROCEDURE","U","A","12 0 1","YES"
"21-58","1.0","2020-0144","CRIMINAL CONDUCT","U","A","12 0 1","YES"
"21-59","1.0","2020-0352","DISCRIMINATION","U","A","12 0 1","YES"
"21-59","1.0","2020-0352","PROCEDURE","E","A","12 0 1","YES"
"21-59","1.0","2020-0352","PROCEDURE","E","A","12 0 1","YES"
"21-59","2.0","2020-0352","DISCRIMINATION","NS","A","12 0 1","YES"
"21-59","2.0","2020-0352","PROCEDURE","E","A","12 0 1","YES"
"21-59","2.0","2020-0352","PROCEDURE","E","A","12 0 1","YES"
"21-59","2.0","2020-0352","PROCEDURE","U","A","12 0 1","YES"
"21-60","1.0","2020-0137","PROCEDURE","U","A","12 0 1","YES"
"21-60","2.0","2020-0137","FORCE","U","A","12 0 1","YES"
"21-61","1.0","2020-0216","FORCE","U","A","12 0 1","YES"
"21-61","1.0","2020-0216","OF1 PROCEDURE","S","A","12 0 1","YES"
"21-61","1.0","2020-0216","OF2 PROCEDURE","S","A","12 0 1","YES"
"21-61","2.0","2020-0216","FORCE","U","A","12 0 1","YES"
"21-61","2.0","2020-0216","OF2 PROCEDURE","S","A","12 0 1","YES"
"21-61","2.0","2020-0216","OF3 PROCEDURE","S","A","12 0 1","YES"
"21-62","1.0","2019-0588","OIS","WP","A","14 0 1","YES"
"21-62","2.0","2019-0588","OIS","WP","A","14 0 1","YES"
"21-63","1.0","2020-0043","DETENTION","E","D/C","14 0 1","YES"
"21-63","1.0","2020-0043","OF1 COURTESY","S","A","14 0 1","YES"
"21-63","1.0","2020-0043","OF2 PROCEDURE","S","A","14 0 1","YES"
"21-64","1.0","2020-0456","FORCE","E","A/C","13 0 1","YES"
"21-64","2.0","2020-0456","FORCE","E","A/C","13 0 1","YES"
"21-64","3.0","2020-0456","FORCE","E","A/C","13 0 1","YES"
"21-64","3.0","2020-0456","OF1 PROCEDURE","S","A","13 0 1","YES"
"21-64","4.0","2020-0456","FORCE","E","A/C","13 0 1","YES"
"21-64","5.0","2020-0456","FORCE","E","A/C","13 0 1","YES"
"21-65","1.0","2020-0172","OF1 PROCEDURE","S","A","12 1 1","NO"
"21-65","2.0","2020-0172","FORCE","E","A","12 1 1","NO"
"21-66","1.0","2020-0235","PROCEDURE","E","A","13 0 1","YES"
"21-66","2.0","2020-0235","ARREST","E","A","13 0 1","YES"
"21-66","3.0","2020-0235","ARREST","E","A","13 0 1","YES"
"21-67","1.0","2019-0296","OF2 PROCEDURE","S","A","14 0 1","YES"
"21-67","2.0","2019-0296","FORCE","E","A","14 0 1","YES"
"21-67","2.0","2019-0296","FORCE","U","A","14 0 1","YES"
"21-67","2.0","2019-0296","FORCE","S","A","14 0 1","YES"
"21-67","2.0","2019-0296","FORCE","E","A","14 0 1","YES"
"21-67","2.0","2019-0296","PROCEDURE","S","A","14 0 1","YES"
"21-67","2.0","2019-0296","CONDUCT","NS","A","14 0 1","YES"
"21-67","3.0","2019-0296","FORCE","E","A","14 0 1","YES"
"21-67","3.0","2019-0296","FORCE","U","A","14 0 1","YES"
"21-67","3.0","2019-0296","FORCE","E","A","14 0 1","YES"
"21-67","3.0","2019-0296","CONDUCT","NS","A","14 0 1","YES"
"21-67","3.0","2019-0296","PROCEDURE","NS","A","14 0 1","YES"
"21-67","3.0","2019-0296","OF1 PROCEDURE","S","A","14 0 1","YES"
"21-67","4.0","2019-0296","FORCE","E","A","14 0 1","YES"
"21-67","4.0","2019-0296","FORCE","U","A","14 0 1","YES"
"21-67","4.0","2019-0296","FORCE","E","A","14 0 1","YES"
"21-67","4.0","2019-0296","CONDUCT","NS","A","14 0 1","YES"
"21-68","1.0","2019-0758","OIS","WP","A","14 0 1","YES"
"21-68","1.0","2019-0758","OF1 PROCEDURE","S","A","14 0 1","YES"
"21-68","1.0","2019-0758","OF2 PROCEDURE","S","A","14 0 1","YES"
"21-68","2.0","2019-0758","OIS","WP","A","14 0 1","YES"
"21-68","2.0","2019-0758","OF3 PROCEDURE","S","A","14 0 1","YES"
"21-69","1.0","2019-0374","PROCEDURE","E","A","14 0 1","YES"
"21-69","2.0","2019-0374","FORCE","E","A","14 0 1","YES"
"21-69","2.0","2019-0374","PROCEDURE","E","A","14 0 1","YES"
"21-70","1.0","2020-0164","ARREST","E","A","12 0 1","YES"
"21-70","1.0","2020-0164","FORCE","E","A","12 0 1","YES"
"21-70","1.0","2020-0164","COURTESY","U","A","12 0 1","YES"
"21-70","1.0","2020-0164","OF1 PROCEDURE","S","A","12 0 1","YES"
"21-70","1.0","2020-0164","OF2 PROCEDURE","S","A","12 0 1","YES"
"21-70","2.0","2020-0164","ARREST","E","A","12 0 1","YES"
"21-70","2.0","2020-0164","FORCE","E","A","12 0 1","YES"
"21-70","2.0","2020-0164","PROCEDURE","E","A","12 0 1","YES"
"21-70","2.0","2020-0164","OF3 PROCEDURE","S","A","12 0 1","YES"
"21-71","1.0","2020-0097","COURTESY","E","A","12 0 1","YES"
"21-71","2.0","2020-0097","COURTESY","U","A","12 0 1","YES"
"21-71","3.0","2020-0097","COURTESY","U","A","12 0 1","YES"
"21-71","4.0","2020-0097","COURTESY","U","A","12 0 1","YES"
"21-71","4.0","2020-0097","PROCEDURE","E","A","12 0 1","YES"
"21-71","5.0","2020-0097","FORCE","U","A","12 0 1","YES"
"21-71","6.0","2020-0097","OF2 PROCEDURE","S","A","12 0 1","YES"
"21-71","7.0","2020-0097","OF1 SEARCH","S","A","12 0 1","YES"
"21-71","8.0","2020-0097","FORCE","U","A","12 0 1","YES"
"21-71","","2020-0097","COURTESY","E","A","12 0 1","YES"
"21-71","","2020-0097","COURTESY","E","A","12 0 1","YES"
"21-72","1.0","2020-0343","PROCEDURE","E","A","12 0 1","YES"
"21-72","1.0","2020-0343","PROCEDURE","S","A","12 0 1","YES"
"21-72","1.0","2020-0343","COURTESY","U","A","12 0 1","YES"
"21-72","1.0","2020-0343","OF 1 PROCEDURE","S","A","12 0 1","YES"
"21-72","2.0","2020-0343","PROCEDURE","E","A","12 0 1","YES"
"21-72","2.0","2020-0343","COURTESY","S","A","12 0 1","YES"
"21-72","3.0","2020-0343","PROCEDURE","E","A","12 0 1","YES"
"21-72","3.0","2020-0343","COURTESY","S","A","12 0 1","YES"
"21-73","1.0","2020-0267","DETENTION","E","A","12 0 1","YES"
"21-73","2.0","2020-0267","DETENTION","E","A","12 0 1","YES"
"21-74","1.0","2020-0065","FORCE","E","A","16 0 1","YES"
"21-74","2.0","2020-0065","FORCE","E","A","16 0 1","YES"
"21-75","1.0","2019-0789","DISCRIMINATION","U","A","14 0 6","YES"
"21-75","1.0","2019-0789","PROCEDURE","E","A","14 0 6","YES"
"21-75","1.0","2019-0789","PROCEDURE","E","A","14 0 6","YES"
"21-75","1.0","2019-0789","CONDUCT","U","A","14 0 6","YES"
"21-75","1.0","2019-0789","PROCEDURE","S","A","14 0 6","YES"
"21-75","1.0","2019-0789","FORCE","E","A","14 0 6","YES"
"21-76","1.0","2020-0688","ARREST","E","A","16 0 1","YES"
"21-76","1.0","2020-0688","DISCRIMINATION","U","A","16 0 1","YES"
"21-76","2.0","2020-0688","FORCE","E","A","16 0 1","YES"
"21-76","2.0","2020-0688","DISCRIMINATION","U","A","16 0 1","YES"
"21-77","1.0","2020-0701","DETENTION","E","A","16 0 1","YES"
"21-78","1.0","2020-0498","OF1 PROCEDURE","S","A","16 0 2","YES"
"21-78","2.0","2020-0498","ARREST","E","A","16 0 2","YES"
"21-78","2.0","2020-0498","PROCEDURE","E","A","16 0 2","YES"
"21-78","2.0","2020-0498","DISCRIMINATION","NS","A","15 1 1","NO"
"21-78","2.0","2020-0498","OF2 COURTESY","S","A","16 0 2","YES"
"21-79","1.0","2020-0134","FORCE","U","A","14 0 1","YES"
"21-79","2.0","2020-0134","FORCE","E","A","14 0 1","YES"
"21-79","2.0","2020-0134","OF2 PROCEDURE","S","A","14 0 1","YES"
"21-79","3.0","2020-0134","FORCE","E","A","14 0 1","YES"
"21-79","3.0","2020-0134","OF1 PROCEDURE","S","A","14 0 1","YES"
"21-79","4.0","2020-0134","FORCE","E","A","14 0 1","YES"
"21-80","1.0","2019-0277","OIS","WP","A","17 0 1","YES"
"21-81","1.0","2019-0573","ICD","WP","A/C","17 0 0","YES"
"21-81","2.0","2019-0573","ICD","WP","A/C","17 0 0","YES"
"21-81","3.0","2019-0573","ICD","WP","A/C","17 0 0","YES"
"21-82","1.0","2020-0151","FORCE","E","A","17 0 0","YES"
"21-82","2.0","2020-0151","FORCE","E","A","17 0 0","YES"
"21-82","3.0","2020-0151","FORCE","E","A","17 0 0","YES"
"21-82","3.0","2020-0151","OF1 COURTESY","S","A","17 0 0","YES"
"21-82","4.0","2020-0151","FORCE","E","A","17 0 0","YES"
"21-83","1.0","2020-0256","PROCEDURE","E","A","16 0 1","YES"
"21-83","1.0","2020-0256","COURTESY","U","A/C","16 0 1","YES"
"21-83","1.0","2020-0256","PROCEDURE","E","A","16 0 1","YES"
"21-83","2.0","2020-0256","DISCRIMINATION","U","A","16 0 1","YES"
"21-83","2.0","2020-0256","COURTESY","U","D/C","16 0 1","YES"
"21-84","1.0","2020-0555","OF2 PROCEDURE","S","A","16 0 0","YES"
"21-84","2.0","2020-0555","OF2 PROCEDURE","S","A","16 0 0","YES"
"21-84","3.0","2020-0555","CRIMINAL CONDUCT","U","A","16 0 0","YES"
"21-84","3.0","2020-0555","COURTESY","U","A/C","16 0 0","YES"
"21-84","3.0","2020-0555","OF1 PROCEDURE","S","A","16 0 0","YES"
"21-85","1.0","2020-0473","DETENTION","E","A","18 0 1","YES"
"21-85","1.0","2020-0473","COURTESY","U","A","18 0 1","YES"
"21-85","2.0","2020-0473","DETENTION","E","A","18 0 1","YES"
"21-86","1.0","2020-0336","OF3 PROCEDURE","S","A","17 0 2","YES"
"21-86","2.0","2020-0336","PROCEDURE","U","A","17 0 2","YES"
"21-86","2.0","2020-0336","OF2 PROCEDURE","S","A","17 0 2","YES"
"21-86","3.0","2020-0336","OF5 PROCEDURE","S","A","17 0 2","YES"
"21-86","3.0","2020-0336","OF6 COURTESY","S","A","17 0 2","YES"
"21-86","4.0","2020-0336","0F4 PROCEDURE","S","A","17 0 2","YES"
"21-86","5.0","2020-0336","DETENTION","E","A","17 0 2","YES"
"21-86","5.0","2020-0336","DISCRIMINATION","U","A","17 0 2","YES"
"21-86","5.0","2020-0336","OF1 PROCEDURE","S","A","17 0 2","YES"
"21-87","1.0","2019-0757","OIS","WP","A","15 0 2","YES"
"21-88","1.0","2020-0102","FORCE","U","A","12 0 1","YES"
"21-88","1.0","2020-0102","COURTESY","U","A","12 0 1","YES"
"21-88","1.0","2020-0102","PROCEDURE","U","A","12 0 1","YES"
"21-88","1.0","2020-0102","PROCEDURE","U","A","12 0 1","YES"
"21-88","1.0","2020-0102","PROCEDURE","U","A","12 0 1","YES"
"21-88","1.0","2020-0102","PROCEDURE","U","A","12 0 1","YES"
"21-89","1.0","2020-0236","ARREST","E","A","12 0 2","YES"
"21-89","1.0","2020-0236","PROCEDURE","E","A","12 0 2","YES"
"21-90","1.0","2020-0402","SEARCH","E","A","11 0 4","YES"
"21-90","2.0","2020-0402","SEARCH","E","A","11 0 4","YES"
"21-90","2.0","2020-0402","ARREST","E","A","11 0 4","YES"
"21-90","2.0","2020-0402","PROCEDURE","U","A","11 0 4","YES"
"21-90","2.0","2020-0402","OF 2 PROCEDURE","S","A","11 0 4","YES"
"21-90","2.0","2020-0402","OF 3 PROCEDURE","S","A","11 0 4","YES"
"21-90","3.0","2020-0402","SEARCH","E","A","11 0 4","YES"
"21-90","4.0","2020-0402","SEARCH","E","A","11 0 4","YES"
"21-90","4.0","2020-0402","ARREST","E","A","11 0 4","YES"
"21-90","4.0","2020-0402","PROCEDURE","U","A","11 0 4","YES"
"21-90","4.0","2020-0402","FORCE","S","A","11 0 4","YES"
"21-90","4.0","2020-0402","OF 1 PROCEDURE","S","A","11 0 4","YES"
"21-90","5.0","2020-0402","SEARCH","E","A","11 0 4","YES"
"21-90","5.0","2020-0402","FORCE","E","A","11 0 4","YES"
"21-91","1.0","2020-0347","FORCE","S","A","10 0 3","YES"
"21-91","2.0","2020-0347","FORCE","E","A","10 0 3","YES"
"21-91","3.0","2020-0347","FORCE","E","A","10 0 3","YES"
"21-91","4.0","2020-0347","FORCE","E","A","10 0 3","YES"
"21-91","4.0","2020-0347","PROCEDURE","U","A","10 0 3","YES"
"21-91","5.0","2020-0347","FORCE","S","A","10 0 3","YES"
"21-91","5.0","2020-0347","OF 1 PROCEDURE","S","A","10 0 3","YES"
"21-91","5.0","2020-0347","OF 2 COURTESY","S","A","10 0 3","YES"
"21-92","1.0","2020-0379","FORCE","E","A","11 0 2","YES"
"21-92","1.0","2020-0379","OF 1 PROCEDURE","S","A","11 0 2","YES"
"21-92","1.0","2020-0379","OF 2 PROCEDURE","S","A","11 0 2","YES"
"21-93","1.0","2020-0079","DISCRIMINATION","U","A","14 0 1","YES"
"21-93","2.0","2020-0079","DISCRIMINATION","U","A","14 0 1","YES"
"21-94","","2020-0029","CRIMINAL CONDUCT","U","A","14 0 1","YES"
"21-95","1.0","2020-0383","DETENTION","E","A","14 0 1","YES"
"21-95","1.0","2020-0383","ARREST","U","A","14 0 1","YES"
"21-95","1.0","2020-0383","SEARCH","E","A","14 0 1","YES"
"21-95","2.0","2020-0383","DETENTION","E","A","14 0 1","YES"
"21-95","2.0","2020-0383","ARREST","U","A","14 0 1","YES"
"21-95","2.0","2020-0383","SEARCH","E","A","14 0 1","YES"
"21-95","3.0","2020-0383","OF1 PROCEDURE","S","A","14 0 1","YES"
"21-95","4.0","2020-0383","ARREST","U","A","14 0 1","YES"
"21-95","4.0","2020-0383","SEARCH","E","A","14 0 1","YES"
"21-96","1.0","2020-0222","DETENTION","E","A","14 0 1","YES"
"21-96","1.0","2020-0222","PROCEDURE","E","A","14 0 1","YES"
"21-96","1.0","2020-0222","PROCEDURE","U","A","14 0 1","YES"
"21-96","2.0","2020-0222","FORCE","E","A","14 0 1","YES"
"21-96","2.0","2020-0222","PROCEDURE","E","A","14 0 1","YES"
"21-96","3.0","2020-0222","FORCE","E","A","14 0 1","YES"
"21-96","3.0","2020-0222","ARREST","E","A","14 0 1","YES"
"21-96","3.0","2020-0222","PROCEDURE","E","A","14 0 1","YES"
"21-96","3.0","2020-0222","OF1 PROCEDURE","S","A","14 0 1","YES"
"21-97","1.0","2020-0109","OIS","WP","A/C","12 1 1","NO"
"21-97","2.0","2020-0109","OIS","WP","A/C","12 1 1","NO"
"21-98","1.0","2020-0605","FORCE","U","A","14 0 1","YES"
"21-98","1.0","2020-0605","COURTESY","U","A","14 0 1","YES"
"21-98","1.0","2020-0605","FORCE","U","A","14 0 1","YES"
"21-98","1.0","2020-0605","COURTESY","U","A","14 0 1","YES"
"21-98","2.0","2020-0605","OF1 PROCEDURE","S","A","14 0 1","YES"
"21-98","2.0","2020-0605","OF1 PROCEDURE","S","A","14 0 1","YES"
"21-98","3.0","2020-0605","OF1 PROCEDURE","S","A","14 0 1","YES"
"21-98","3.0","2020-0605","OF1 PROCEDURE","S","A","14 0 1","YES"
"21-99","1.0","2020-0549","PROCEDURE","E","A","14 0 1","YES"
"21-99","2.0","2020-0549","PROCEDURE","E","A","14 0 1","YES"
"21-99","2.0","2020-0549","PROCEDURE","S","A","14 0 1","YES"
"21-99","3.0","2020-0549","PROCEDURE","E","A","14 0 1","YES"
"21-99","4.0","2020-0549","PROCEDURE","E","A","14 0 1","YES"
"21-99","5.0","2020-0549","PROCEDURE","E","A","14 0 1","YES"
